"country","iso3c","region","income_FY17","region3c","year_1990","year_1993","year_1996","year_1999","year_2002","year_2005","year_2008","year_2010","year_2011","year_2012","year_2013","year_max"
"Albania","ALB","Europe & Central Asia","Upper middle income","ECS",0.00361900008283556,0.013243000023067,0.0348699986934662,0.0988980010151863,0.0716750025749207,0.0337119996547699,0.0109149999916553,0.0331740006804466,0.0255200006067753,0.03074000030756,0.0295800007879734,0.0988980010151863
"Angola","AGO","Sub-Saharan Africa","Upper middle income","SSF",5.17099809646606,5.60804986953735,6.03900003433228,6.45173978805542,6.97401905059814,7.6260781288147,5.92223978042603,6.43390417098999,6.59955215454102,6.63682508468628,6.43467998504639,7.6260781288147
"Argentina","ARG","Latin America & Caribbean","High Income","LCN",0.250535994768143,0.724305987358093,1.44919002056122,1.5582799911499,4.7454080581665,1.89346194267273,1.08672297000885,0.768750011920929,0.580788016319275,0.626408994197845,0.680750012397766,4.7454080581665
"Armenia","ARM","Europe & Central Asia","Lower middle income","ECS",0.384443998336792,0.943262994289398,0.567430019378662,0.521592020988464,0.45932999253273,0.133945003151894,0.0444019995629787,0.0751840025186539,0.0801900029182434,0.051851999014616,0.0729560032486916,0.943262994289398
"Azerbaijan","AZE","Europe & Central Asia","Upper middle income","ECS",0.0443920008838177,0.243000000715256,0.524576008319855,0.32957398891449,0,0,0.0429240018129349,0.0606350004673004,0.0339290015399456,0.0344099998474121,0.0348539985716343,0.524576008319855
"Bangladesh","BGD","South Asia","Lower middle income","SAS",45.0838928222656,49.7320976257324,43.7983818054199,45.8865013122559,43.9886665344238,35.0321426391602,29.7982501983643,28.0800247192383,23.4870700836182,21.2861461639404,18.3877201080322,49.7320976257324
"Belarus","BLR","Europe & Central Asia","Upper middle income","ECS",0.01528500020504,0.0092160003259778,0.0640079975128174,1.02909994125366,0.200360998511314,0.035741999745369,0,0,0,0,0,1.02909994125366
"Belize","BLZ","Latin America & Caribbean","Upper middle income","LCN",0.0257450006902218,0.0201799999922514,0.0266069993376732,0.0334080010652542,0.031980000436306,0.0352520011365414,0.0447640009224415,0.0445440001785755,0.0450779981911182,0.0464439988136292,0.0428059995174408,0.0464439988136292
"Benin","BEN","Sub-Saharan Africa","Low income","SSF",2.94199991226196,3.24253797531128,3.5182740688324,3.58028793334961,3.6227490901947,4.54807996749878,4.48141193389893,5.08689880371094,5.19611406326294,5.28328514099121,5.17135190963745,5.28328514099121
"Bhutan","BTN","South Asia","Lower middle income","SAS",0.471906006336212,0.412411987781525,0.351033002138138,0.311464995145798,0.247260004281998,0.151384994387627,0.00945299956947565,0.0174959991127253,0.0175199992954731,0.016057999804616,0.0103500001132488,0.471906006336212
"Bolivia","BOL","Latin America & Caribbean","Lower middle income","LCN",0.599564015865326,0.902934014797211,1.60807597637177,2.06954002380371,2.15644502639771,1.86069405078888,1.14336001873016,1.16262400150299,0.802367985248566,0.92876797914505,0.800800025463104,2.15644502639771
"Bosnia and Herzegovina","BIH","Europe & Central Asia","Upper middle income","ECS",0.0140429995954037,0.0140760000795126,0.036956999450922,0.01360800024122,0.0125730000436306,0.00497899996116757,0.00268799997866154,0.00230400008149445,0.00268099992536008,0.00268099992536008,0.00267400010488927,0.036956999450922
"Botswana","BWA","Sub-Saharan Africa","Upper middle income","SSF",0.416070014238358,0.435149997472763,0.6370769739151,0.552159011363983,0.539864003658295,0.468162000179291,0.438127994537354,0.349934995174408,0.331055998802185,0.315665990114212,0.284271985292435,0.6370769739151
"Brazil","BRA","Latin America & Caribbean","Upper middle income","LCN",30.9201831817627,31.4357528686523,23.4230098724365,23.1328392028809,22.2872543334961,17.9998397827148,12.2510328292847,11.4002141952515,11.0285997390747,9.29016017913818,9.94746208190918,31.4357528686523
"Bulgaria","BGR","Europe & Central Asia","Upper middle income","ECS",0.0061039999127388,0.0160930007696152,0.101992003619671,0.0262720007449389,0.118050001561642,0.0456660017371178,0.0883819982409477,0.142820000648499,0.160964995622635,0.148393005132675,0.147580996155739,0.160964995622635
"Burkina Faso","BFA","Sub-Saharan Africa","Low income","SSF",7.41361522674561,7.92745494842529,8.3706636428833,8.73748779296875,7.85576820373535,7.59840393066406,8.11697769165039,7.91503190994263,7.73924398422241,7.67785215377808,7.70478820800781,8.73748779296875
"Burundi","BDI","Sub-Saharan Africa","Low income","SSF",4.57439422607422,4.90930986404419,5.31909894943237,4.95440816879272,6.10962820053101,6.23139381408691,6.75700187683105,7.24352216720581,7.45606422424316,7.67399597167969,7.88181591033936,7.88181591033936
"Cabo Verde","CPV","Sub-Saharan Africa","Lower middle income","SSF",0.1805399954319,0.175602003931999,0.127079993486404,0.090600997209549,0.0723119974136353,0.0548489987850189,0.0341279990971088,0.0356720015406609,0.0337000004947186,0.0338499993085861,0.0346289984881878,0.1805399954319
"Cambodia","KHM","East Asia & Pacific","Lower middle income","EAS",3.13728189468384,3.14414095878601,3.02829599380493,3.06243109703064,2.78579592704773,2.12187600135803,1.41110897064209,0.660560011863708,0.491683006286621,0.321810990571976,0.254851996898651,3.14414095878601
"Cameroon","CMR","Sub-Saharan Africa","Lower middle income","SSF",4.036208152771,6.53627109527588,6.88505601882935,4.76622295379639,3.76375389099121,5.39911413192749,6.56769180297852,6.90382719039917,5.6432638168335,6.16660213470459,6.05000400543213,6.90382719039917
"Central African Republic","CAF","Sub-Saharan Africa","Low income","SSF",2.39756989479065,2.64536499977112,2.88955807685852,3.0360701084137,3.21151995658875,2.47822403907776,2.83592796325684,2.92151999473572,2.96035504341125,2.97666597366333,3.80144095420837,3.80144095420837
"Chad","TCD","Sub-Saharan Africa","Low income","SSF",4.06472015380859,4.83143997192383,5.2142481803894,5.75503206253052,6.12360000610352,4.0068531036377,4.65763378143311,4.38514995574951,4.72689008712769,4.57156801223755,4.58935022354126,6.12360000610352
"Chile","CHL","Latin America & Caribbean","High Income","LCN",1.04068803787231,0.777191996574402,0.482400000095367,0.591709971427917,0.467754006385803,0.3992800116539,0.218115001916885,0.224664002656937,0.223600000143051,0.177377998828888,0.161735996603966,1.04068803787231
"China","CHN","East Asia & Pacific","Upper middle income","EAS",755.809509277344,671.710815429688,511.979766845703,507.860809326172,409.087799072266,244.447494506836,194.062683105469,149.55598449707,106.18627166748,87.3902893066406,25.1115303039551,755.809509277344
"Colombia","COL","Latin America & Caribbean","Upper middle income","LCN",2.81699395179749,3.29419994354248,5.94340991973877,7.69322395324707,6.09416198730469,4.50216007232666,4.80879020690918,3.70115208625793,3.05377793312073,3.32379198074341,2.89720797538757,7.69322395324707
"Comoros","COM","Sub-Saharan Africa","Low income","SSF",0.0470400005578995,0.0540000014007092,0.0716869980096817,0.0793939977884293,0.0765020027756691,0.0826459974050522,0.0960780009627342,0.101499997079372,0.104184001684189,0.104681998491287,0.104699999094009,0.104699999094009
"Congo, Dem. Rep.","COD","Sub-Saharan Africa","Low income","SSF",24.4405364990234,34.0306663513184,38.9260292053223,43.5380935668945,48.4418869018555,52.819953918457,54.6709442138672,56.5633316040039,56.2082939147949,55.6415634155273,55.0581932067871,56.5633316040039
"Congo, Rep.","COG","Sub-Saharan Africa","Lower middle income","SSF",1.14815604686737,1.29129004478455,1.47531998157501,1.72013103961945,1.70530605316162,1.75699996948242,1.86023104190826,1.54456496238708,1.54534602165222,1.57056903839111,1.59488701820374,1.86023104190826
"Costa Rica","CRI","Latin America & Caribbean","Upper middle income","LCN",0.307520002126694,0.267533987760544,0.286559998989105,0.24524499475956,0.257403999567032,0.185725003480911,0.120053000748158,0.0732550024986267,0.0804999992251396,0.0799800008535385,0.0791279971599579,0.307520002126694
"Côte d'Ivoire","CIV","Sub-Saharan Africa","Lower middle income","SSF",1.7415269613266,3.00644993782043,3.98128509521484,3.92363405227661,3.95885705947876,4.82801914215088,5.58925199508667,5.759192943573,6.46222019195557,5.93121004104614,5.48283195495605,6.46222019195557
"Croatia","HRV","Europe & Central Asia","High Income","ECS",0.0019120000069961,0.0793439969420433,0.0211030002683401,0.0109200002625585,0.00399600015953183,0,0,0,0.0346679985523224,0.0392839983105659,0.0391919985413551,0.0793439969420433
"Czech Republic","CZE","Europe & Central Asia","High Income","ECS",0.00206599989905953,0.00206599989905953,0.0154799995943904,0.00205600005574524,0.0142799997702241,0,0.00415199995040894,0.0041880002245307,0.00524999992921948,0.0063060000538826,0.0063060000538826,0.0154799995943904
"Djibouti","DJI","Middle East & North Africa","Lower middle income","MEA",0.0513300001621246,0.0916479974985123,0.127701997756958,0.147183001041412,0.15472500026226,0.182052001357079,0.129600003361702,0.122590996325016,0.160104006528854,0.155719995498657,0.193672001361847,0.193672001361847
"Dominican Republic","DOM","Latin America & Caribbean","Upper middle income","LCN",2.99406003952026,0.385827004909515,0.395879000425339,0.467864990234375,0.515672028064728,0.539615988731384,0.362464010715485,0.258390009403229,0.290870010852814,0.263143986463547,0.238496005535126,2.99406003952026
"Ecuador","ECU","Latin America & Caribbean","Upper middle income","LCN",2.48039388656616,2.62142992019653,2.05684804916382,2.70567989349365,2.34867906570435,1.86863994598389,1.29472005367279,1.05256497859955,0.889548003673553,0.906696021556854,0.693737983703613,2.70567989349365
"El Salvador","SLV","Latin America & Caribbean","Lower middle income","LCN",0.972824990749359,0.965874016284943,1.23910796642303,0.940406024456024,0.767795979976654,0.568225026130676,0.415199995040894,0.437296003103256,0.274518013000488,0.252512007951736,0.197925001382828,1.23910796642303
"Estonia","EST","Europe & Central Asia","High Income","ECS",0.0266900006681681,0.0196679998189211,0.00525399995967746,0.0120059996843338,0.0182160008698702,0.0130949998274446,0.00669999979436398,0.0122360000386834,0.0160930007696152,0.0130679998546839,0.0129359997808933,0.0266900006681681
"Ethiopia","ETH","Sub-Saharan Africa","Low income","SSF",28.9945983886719,37.1632537841797,37.1731376647949,37.161434173584,33.773120880127,27.6945152282715,29.7343311309814,28.0279560089111,27.4971599578857,24.3842544555664,20.3776798248291,37.1731376647949
"Fiji","FJI","East Asia & Pacific","Upper middle income","EAS",0.0761390030384064,0.0765319988131523,0.0579539984464645,0.0510299988090992,0.0462480001151562,0.0354240015149117,0.0325919985771179,0.0337980017066002,0.0399329997599125,0.0396719984710217,0.033440001308918,0.0765319988131523
"Gabon","GAB","Sub-Saharan Africa","Upper middle income","SSF",0.0517750009894371,0.0595339983701706,0.0555000007152557,0.0798000022768974,0.102812997996807,0.109985999763012,0.13773900270462,0.135673999786377,0.124977998435497,0.116724997758865,0.110550001263618,0.13773900270462
"Gambia, The","GMB","Sub-Saharan Africa","Low income","SSF",0.637283980846405,0.700030982494354,0.789030015468597,0.679727971553802,0.832767009735107,0.677232027053833,0.741576015949249,0.732446014881134,0.830725014209747,0.821920990943909,0.841687023639679,0.841687023639679
"Georgia","GEO","Europe & Central Asia","Upper middle income","ECS",0.438239991664886,2.48053193092346,0.27904799580574,0.885550022125244,0.735531985759735,0.679198980331421,0.623440980911255,0.769493997097015,0.690252006053925,0.593267023563385,0.434321999549866,2.48053193092346
"Ghana","GHA","Sub-Saharan Africa","Lower middle income","SSF",6.37868022918701,6.94312381744385,6.38723993301392,6.03231620788574,6.11708879470825,5.60631895065308,5.04016017913818,4.56729602813721,3.67717504501343,3.34318590164185,3.15228009223938,6.94312381744385
"Guatemala","GTM","Latin America & Caribbean","Lower middle income","LCN",3.27653193473816,2.22047209739685,1.92041003704071,1.21744704246521,1.30798196792603,1.53019797801971,1.47167301177979,1.71751797199249,1.73526501655579,1.68301498889923,1.59096598625183,3.27653193473816
"Guinea","GIN","Sub-Saharan Africa","Low income","SSF",5.53493690490723,3.46042799949646,3.92439603805542,3.90633988380432,3.83622097969055,5.82134008407593,5.61238288879395,6.67976713180542,4.09217977523804,4.10190105438232,4.25897979736328,6.67976713180542
"Guinea-Bissau","GNB","Sub-Saharan Africa","Low income","SSF",0.465445995330811,0.723425984382629,0.59326297044754,0.695568025112152,0.738018989562988,0.980243980884552,0.994967997074127,1.09340405464172,1.0669629573822,1.132532954216,1.18483197689056,1.18483197689056
"Guyana","GUY","Latin America & Caribbean","Upper middle income","LCN",0.299807995557785,0.177911996841431,0.113150000572205,0.0996780022978783,0.0974579975008965,0.0969400033354759,0.0802500024437904,0.0718500018119812,0.0671079978346825,0.0623960010707378,0.0575320012867451,0.299807995557785
"Haiti","HTI","Latin America & Caribbean","Low income","LCN",4.08392000198364,4.24917888641357,4.40023708343506,4.55951976776123,4.94656610488892,5.43932390213013,5.23368978500366,6.03200006484985,5.52731418609619,5.54733896255493,5.53207206726074,6.03200006484985
"Honduras","HND","Latin America & Caribbean","Lower middle income","LCN",2.1697199344635,1.25605201721191,1.73601996898651,1.61609494686127,1.8889000415802,1.91195201873779,1.17176401615143,1.16024994850159,1.42875003814697,1.65326404571533,1.48600494861603,2.1697199344635
"Hungary","HUN","Europe & Central Asia","High Income","ECS",0.0103700002655387,0.0176120009273291,0.0371159985661507,0.00307200010865927,0,0,0.00301199988462031,0.00800000037997961,0.0129610002040863,0.0257920008152723,0.0257140006870031,0.0371159985661507
"India","IND","South Asia","Lower middle income","SAS",338.315155029297,379.776397705078,380.160369873047,387.08251953125,399.336608886719,386.897979736328,360.557495117188,310.206970214844,252.359130859375,251.707122802734,217.898849487305,399.336608886719
"Indonesia","IDN","East Asia & Pacific","Lower middle income","EAS",103.910690307617,108.910423278809,91.7478790283203,83.4351348876953,50.8645782470703,48.937873840332,50.7200813293457,38.5367965698242,33.2451972961426,29.1695041656494,24.6998405456543,108.910423278809
"Iran, Islamic Rep.","IRN","Middle East & North Africa","Upper middle income","MEA",3.37019991874695,1.19384300708771,2.00483703613281,4.4762978553772,2.85694003105164,1.83013200759888,0.181325003504753,0.163350000977516,0.0451080016791821,0.0685440003871918,0.061719998717308,4.4762978553772
"Jamaica","JAM","Latin America & Caribbean","Upper middle income","LCN",0.108984000980854,0.237900003790855,0.0860930010676384,0.0670770034193993,0.0717879980802536,0.0419760011136532,0.0413849987089634,0.0494959987699986,0.0496799983084202,0.0498640015721321,0.0498640015721321,0.237900003790855
"Kazakhstan","KAZ","Europe & Central Asia","Upper middle income","ECS",0,1.06634902954102,0.986213982105255,0.743514001369476,1.01196599006653,0.0318149998784065,0.0203709993511438,0.0195840001106262,0.00496800011023879,0.0100739998742938,0.00681600021198392,1.06634902954102
"Kenya","KEN","Sub-Saharan Africa","Lower middle income","SSF",4.93857002258301,8.4818696975708,5.51433181762695,7.4871301651001,12.2979784011841,7.03111505508423,12.1297283172607,11.6190729141235,11.2745237350464,11.2050361633301,10.9443454742432,12.2979784011841
"Kiribati","KIR","East Asia & Pacific","Lower middle income","EAS",0.0126000000163913,0.0148959998041391,0.0139119997620583,0.0112720001488924,0.0117450002580881,0.0114299999549985,0.0129599999636412,0.0140899997204542,0.0140899997204542,0.0152789996936917,0.0152460001409054,0.0152789996936917
"Kosovo","KSV","Europe & Central Asia","Lower middle income","ECS",0.0303179994225502,0.0539779998362064,0.0615939982235432,0.0388959981501102,0.0331499986350536,0.0507870018482208,0.0528500005602837,0.0386260002851486,0.0252390000969172,0.0101359998807311,0.0141960000619292,0.0615939982235432
"Kyrgyz Republic","KGZ","Europe & Central Asia","Lower middle income","ECS",1.50664794445038,2.00281190872192,1.97562098503113,1.11465203762054,1.70707905292511,0.793608009815216,0.213331997394562,0.222360000014305,0.0997309982776642,0.163250997662544,0.186471998691559,2.00281190872192
"Lao PDR","LAO","East Asia & Pacific","Lower middle income","EAS",1.24100005626678,0.969738006591797,0.705242991447449,1.42651200294495,1.47730004787445,1.04764997959137,1.32434499263763,1.04604601860046,1.07079696655273,1.101194024086,0.992922008037567,1.47730004787445
"Latvia","LVA","Europe & Central Asia","High Income","ECS",0.00132999999914318,0,0.0386219993233681,0.0351330004632473,0.0150149995461106,0.0613760016858578,0.000653999974019825,0.0405299998819828,0.0269859991967678,0.028014000505209,0.0247230008244514,0.0613760016858578
"Lesotho","LSO","Sub-Saharan Africa","Lower middle income","SSF",1.13647997379303,1.18840801715851,1.23211598396301,1.26573598384857,1.28803503513336,1.18424797058105,1.19106197357178,1.19896495342255,1.19404602050781,1.18408799171448,1.16750395298004,1.28803503513336
"Liberia","LBR","Sub-Saharan Africa","Low income","SSF",1.03298997879028,1.85543096065521,2.12123990058899,1.81744205951691,1.58872497081757,2.40835499763489,2.46183609962463,2.57796001434326,2.50103998184204,2.42894291877747,2.3200318813324,2.57796001434326
"Lithuania","LTU","Europe & Central Asia","High Income","ECS",0.00221999990753829,0.256496012210846,0,0.0123199997469783,0.0175439994782209,0.0590960010886192,0.00480000022798777,0.0530100017786026,0.0263609997928143,0.0307969991117716,0.0301920007914305,0.256496012210846
"Macedonia, FYR","MKD","Europe & Central Asia","Upper middle income","ECS",0.0243999995291233,0.0415519997477531,0.0246959999203682,0.0820000022649765,0.0265929996967316,0.0281520001590252,0.0273979995399714,0.0273979995399714,0.0476099997758865,0.0476099997758865,0.0453330017626286,0.0820000022649765
"Madagascar","MDG","Sub-Saharan Africa","Low income","SSF",6.86416482925415,8.69126415252686,9.40231227874756,9.7862377166748,13.0890064239502,13.5455741882324,13.8134832382202,17.2350082397461,16.8930568695068,17.3505363464355,17.8821830749512,17.8821830749512
"Malawi","MWI","Sub-Saharan Africa","Low income","SSF",6.79496097564697,6.69299983978271,6.48247623443604,7.06764793395996,8.64678573608398,9.48344993591309,10.0886201858521,10.3227529525757,10.7447652816772,11.1548500061035,11.3815698623657,11.3815698623657
"Malaysia","MYS","East Asia & Pacific","Upper middle income","EAS",0.262223988771439,0.232460007071495,0.150946006178856,0.258769989013672,0.141519993543625,0.134159997105598,0.108800001442432,0.0590520016849041,0.0428549982607365,0.0319220013916492,0.0265229996293783,0.262223988771439
"Maldives","MDV","South Asia","Upper middle income","SAS",0.0866139978170395,0.0758159980177879,0.0562639981508255,0.0463959984481335,0.0363899990916252,0.0389439985156059,0.0240119993686676,0.0253079999238253,0.018885999917984,0.0191099997609854,0.0182130001485348,0.0866139978170395
"Mali","MLI","Sub-Saharan Africa","Low income","SSF",7.29025602340698,7.77510786056519,7.80516004562378,6.83278799057007,6.70383977890015,6.74396800994873,6.97206592559814,7.44391918182373,7.71051979064941,8.21287822723389,8.58034801483154,8.58034801483154
"Mauritania","MRT","Sub-Saharan Africa","Lower middle income","SSF",0.841733992099762,0.905520021915436,0.409200012683868,0.562820017337799,0.536256015300751,0.394064992666245,0.367938995361328,0.403156995773315,0.392655998468399,0.26308798789978,0.267803996801376,0.905520021915436
"Mauritius","MUS","Sub-Saharan Africa","Upper middle income","SSF",0.0427180007100105,0.0304700005799532,0.0218090005218983,0.0153400003910065,0.00947999954223633,0.00713399983942509,0.00496000004932284,0.0068749999627471,0.00625000009313226,0.00667800009250641,0.00630000000819564,0.0427180007100105
"Mexico","MEX","Latin America & Caribbean","Upper middle income","LCN",9.30580711364746,7.87107419967651,13.5517616271973,13.367639541626,9.30159759521484,9.50434970855713,4.36885976791382,4.50755977630615,4.32128286361694,3.27147603034973,3.79881811141968,13.5517616271973
"Micronesia, Fed. Sts.","FSM","East Asia & Pacific","Lower middle income","EAS",0.0167500004172325,0.013399999588728,0.0148719996213913,0.0155760003253818,0.0129909999668598,0.0125620001927018,0.0143400002270937,0.011119999922812,0.010329999960959,0.0160700008273125,0.0173700004816055,0.0173700004816055
"Moldova","MDA","Europe & Central Asia","Lower middle income","ECS",0,0.175380006432533,1.01108503341675,1.42715001106262,0.599110007286072,0.50220000743866,0.0460529997944832,0.0188679993152618,0.00996800046414137,0.0121039999648929,0.00284800003282726,1.42715001106262
"Mongolia","MNG","East Asia & Pacific","Lower middle income","EAS",0.170911997556686,0.371318012475967,0.437552005052567,0.501703977584839,0.257420003414154,0.108030997216702,0.0318230018019676,0.0205959994345903,0.0157319996505976,0.0106779998168349,0.00886599998921156,0.501703977584839
"Montenegro","MNE","Europe & Central Asia","Upper middle income","ECS",0.00335499993525445,0.00237899995408952,0.00237899995408952,0.00237899995408952,0.00140299997292459,0.00140299997292459,0.00117800000589341,0,0.00130200001876801,0.00781199987977743,0.00644800020381808,0.00781199987977743
"Morocco","MAR","Middle East & North Africa","Lower middle income","MEA",1.34730005264282,3.0072329044342,1.48272800445557,2.21882510185242,1.68968796730042,1.28853595256805,0.733590006828308,0.642199993133545,0.556263029575348,0.54746800661087,0.451575011014938,3.0072329044342
"Mozambique","MOZ","Sub-Saharan Africa","Low income","SSF",12.0517177581787,13.3818120956421,14.0666522979736,14.82017993927,15.6347999572754,16.4497051239014,16.0952987670898,16.2117118835449,16.0978679656982,16.0040607452393,15.8687648773193,16.4497051239014
"Namibia","NAM","Sub-Saharan Africa","Upper middle income","SSF",0.761120021343231,0.820559978485107,0.900656998157501,0.715542018413544,0.714223980903625,0.542618989944458,0.548232018947601,0.475448995828629,0.457632005214691,0.442198991775513,0.42323499917984,0.900656998157501
"Nepal","NPL","South Asia","Low income","SAS",12.8275299072266,13.2136859893799,14.4846601486206,13.3180522918701,8.76099586486816,10.1759386062622,10.0527944564819,4.02124786376953,4.19115591049194,2.56025004386902,2.3544180393219,14.4846601486206
"Nicaragua","NIC","Latin America & Caribbean","Lower middle income","LCN",0.992771983146667,0.977258026599884,0.944700002670288,1.0102950334549,0.83857399225235,0.839280009269714,0.714960992336273,0.553336024284363,0.490363985300064,0.451584011316299,0.404004991054535,1.0102950334549
"Niger","NER","Sub-Saharan Africa","Low income","SSF",5.65881395339966,7.10883903503418,7.16247987747192,8.80315208435059,9.89352035522461,10.1080570220947,9.99410724639893,8.06192111968994,8.53262996673584,8.21494770050049,8.33543968200684,10.1080570220947
"Nigeria","NGA","Sub-Saharan Africa","Lower middle income","SSF",50.9272117614746,58.9605407714844,70.5866012573242,76.7870635986328,87.0369491577148,78.7819213867188,82.7230911254883,84.5723114013672,85.2914123535156,86.1220550537109,85.9606704711914,87.0369491577148
"Pakistan","PAK","South Asia","Lower middle income","SAS",62.177059173584,50.6656684875488,32.9459686279297,29.3026885986328,40.9293975830078,24.4455833435059,20.7463207244873,16.2048110961914,14.0846366882324,12.4527778625488,12.339038848877,62.177059173584
"Panama","PAN","Latin America & Caribbean","Upper middle income","LCN",0.582673013210297,0.516005992889404,0.450026988983154,0.397682994604111,0.374601989984512,0.34196001291275,0.192149996757507,0.165434002876282,0.146464005112648,0.164933994412422,0.108966000378132,0.582673013210297
"Papua New Guinea","PNG","East Asia & Pacific","Lower middle income","EAS",2.68486404418945,2.43711996078491,2.57633209228516,3.05701589584351,3.17756009101868,3.17288994789124,2.99924397468567,2.62423491477966,2.49760007858276,2.37308502197266,2.30191898345947,3.17756009101868
"Paraguay","PRY","Latin America & Caribbean","Upper middle income","LCN",0.0500990003347397,0.0340499989688396,0.572224974632263,0.530920028686523,0.733380973339081,0.40310001373291,0.300684988498688,0.376946985721588,0.344063013792038,0.236698001623154,0.141692996025085,0.733380973339081
"Peru","PER","Latin America & Caribbean","Upper middle income","LCN",4.99688720703125,4.17008209228516,4.48473978042603,4.50622797012329,4.075119972229,3.91233706474304,2.2740159034729,1.39213800430298,1.29158401489258,1.24560797214508,1.13109004497528,4.99688720703125
"Philippines","PHL","East Asia & Pacific","Lower middle income","EAS",13.9573354721069,17.4956245422363,15.4881916046143,14.2509717941284,13.7461385726929,14.2561702728271,13.4185800552368,10.494912147522,14.2694997787476,12.5882215499878,11.405933380127,17.4956245422363
"Poland","POL","Europe & Central Asia","High Income","ECS",2.15321493148804,0.0538440011441708,0.992533981800079,0.0231960006058216,0.0267609991133213,0.0534380003809929,0.00381299993023276,0,0.00761200021952391,0.00761200021952391,0.00380400009453297,2.15321493148804
"Romania","ROU","Europe & Central Asia","Upper middle income","ECS",0.0881600007414818,0.136559993028641,1.89103198051453,1.4515620470047,1.17341995239258,0.4583800137043,0,0,0,0,0,1.89103198051453
"Russian Federation","RUS","Europe & Central Asia","Upper middle income","ECS",3.20306396484375,3.51992392539978,5.33375978469849,5.00513982772827,1.01716995239258,0.947232007980347,0.0999180004000664,0.214275002479553,0.114367999136448,0.0572800002992153,0.04305300116539,5.33375978469849
"Rwanda","RWA","Sub-Saharan Africa","Low income","SSF",4.91138982772827,3.96459007263184,4.93856000900269,5.69781303405762,6.11122417449951,6.28537607192993,6.24097490310669,6.35613298416138,6.31382417678833,6.12195587158203,6.12613201141357,6.35613298416138
"Samoa","WSM","East Asia & Pacific","Lower middle income","EAS",0.0117760002613068,0.012988000176847,0.0100130001083016,0.00836400035768747,0.00437399977818131,0.0021959999576211,0.00149399996735156,0.00231799995526671,0.0015770000172779,0.0015770000172779,0.00212799990549684,0.012988000176847
"São Tomé and Principe","STP","Sub-Saharan Africa","Lower middle income","SSF",0.0411950014531612,0.0419880002737045,0.0426790006458759,0.0399359986186028,0.0740879997611046,0.0505499988794327,0.0505920015275478,0.0548759996891022,0.053277999162674,0.0533160008490086,0.0502920001745224,0.0740879997611046
"Senegal","SEN","Sub-Saharan Africa","Low income","SSF",5.11055517196655,5.10342311859131,5.09669399261475,4.84270811080933,5.09837293624878,4.42685604095459,4.47006511688232,4.8742561340332,5.10619211196899,5.1936821937561,5.33534383773804,5.33534383773804
"Serbia","SRB","Europe & Central Asia","Upper middle income","ECS",0.0910800024867058,0.0546699985861778,0.0396240018308163,0.0377000011503696,0.0127499997615814,0.0803520008921623,0.00514499982818961,0.00729000009596348,0.0137369995936751,0.00719999987632036,0.013604000210762,0.0910800024867058
"Seychelles","SYC","Sub-Saharan Africa","High Income","SSF",0.000951999973040074,0.000783999974373728,0.00108800001908094,0.000464000011561438,0.000528000004123896,0.000607999972999096,0.000333000003593042,0.00128700002096593,0.00111599999945611,0.00111599999945611,0.000953999988269061,0.00128700002096593
"Sierra Leone","SLE","Sub-Saharan Africa","Low income","SSF",1.86910796165466,2.70782899856567,2.55920600891113,2.72786998748779,3.1377580165863,2.96442890167236,3.02164793014526,3.34546399116516,3.09270310401917,2.66061997413635,1.95411598682404,3.34546399116516
"Slovak Republic","SVK","Europe & Central Asia","High Income","ECS",0,0,0.0279239993542433,0.0264599993824959,0.024210000410676,0.00268499995581806,0,0.0226380005478859,0.0194400008767843,0.012984000146389,0.012984000146389,0.0279239993542433
"Slovenia","SVN","Europe & Central Asia","High Income","ECS",0.0007999999797903,0.000995000009424984,0.00318400003015995,0,0,0.0020000000949949,0.000201999995624647,0.000205000003916211,0,0.000617999990936369,0.000617999990936369,0.00318400003015995
"Solomon Islands","SLB","East Asia & Pacific","Lower middle income","EAS",0.124123997986317,0.111961998045444,0.103045001626015,0.127959996461868,0.216591000556946,0.214320003986359,0.193399995565414,0.212530001997948,0.186893999576569,0.184304997324944,0.185080006718636,0.216591000556946
"South Africa","ZAF","Sub-Saharan Africa","Upper middle income","SSF",9.27519989013672,10.9749631881714,13.5240001678467,14.4812078475952,14.6758050918579,13.3301401138306,11.3833703994751,8.72736263275146,8.53668022155762,8.4927921295166,8.52103805541992,14.6758050918579
"South Sudan","SSD","Sub-Saharan Africa","Low income","SSF",2.81433606147766,2.61286401748657,2.6064178943634,2.92287993431091,3.22674894332886,3.54132008552551,3.91977596282959,4.27650594711304,4.83565092086792,8.10433769226074,8.07339477539062,8.10433769226074
"Sri Lanka","LKA","South Asia","Lower middle income","SAS",1.5696519613266,1.57974302768707,1.61522698402405,2.03459405899048,1.56254994869232,0.999491989612579,0.554960012435913,0.64384001493454,0.40742701292038,0.306300014257431,0.366324007511139,2.03459405899048
"St. Lucia","LCA","Latin America & Caribbean","Upper middle income","LCN",0.0573720000684261,0.0516880005598068,0.050925001502037,0.0507519990205765,0.0523359999060631,0.0491809993982315,0.0443530008196831,0.0505079999566078,0.0507780015468597,0.0522539988160133,0.0527400001883507,0.0573720000684261
"Sudan","SDN","Sub-Saharan Africa","Lower middle income","SSF",9.26863193511963,9.23930072784424,9.86962509155273,9.16864490509033,8.24115943908691,7.46326684951782,5.20841693878174,5.26483821868896,4.42670822143555,3.5899920463562,3.57080411911011,9.86962509155273
"Suriname","SUR","Latin America & Caribbean","Upper middle income","LCN",0.0877809971570969,0.11106900125742,0.105209998786449,0.112223997712135,0.104909002780914,0.0996169969439507,0.0987870022654533,0.0979159995913506,0.0926640033721924,0.0944460034370422,0.0944460034370422,0.112223997712135
"Swaziland","SWZ","Sub-Saharan Africa","Lower middle income","SSF",0.710187971591949,0.765947997570038,0.653757989406586,0.531194984912872,0.519587993621826,0.479160010814667,0.478974997997284,0.500156998634338,0.511466979980469,0.509711980819702,0.51324999332428,0.765947997570038
"Tajikistan","TJK","Europe & Central Asia","Lower middle income","ECS",0.126670002937317,0.979565978050232,3.48787188529968,3.31113290786743,2.40759611129761,0.939779996871948,0.423400014638901,0.301683992147446,0.262724995613098,1.94047105312347,1.82961595058441,3.48787188529968
"Tanzania","TZA","Sub-Saharan Africa","Low income","SSF",17.4681053161621,20.662576675415,24.2521152496338,22.9096813201904,27.6373023986816,23.0161361694336,22.2296752929688,22.6058807373047,22.2877597808838,22.6319808959961,22.0120639801025,27.6373023986816
"Thailand","THA","East Asia & Pacific","Upper middle income","EAS",5.30154609680176,2.07916808128357,1.34730005264282,1.57403802871704,0.731195986270905,0.421503990888596,0.0996749997138977,0.0933659970760345,0.0267600007355213,0.0402959994971752,0.0269799996167421,5.30154609680176
"Timor-Leste","TLS","East Asia & Pacific","Lower middle income","EAS",0.716023981571198,0.757597982883453,0.695052027702332,0.500555992126465,0.343450993299484,0.456876009702682,0.488631993532181,0.373751014471054,0.367920011281967,0.258980005979538,0.256767988204956,0.757597982883453
"Togo","TGO","Sub-Saharan Africa","Low income","SSF",1.87642896175385,2.60548806190491,2.32801699638367,2.3578999042511,2.89073610305786,3.13819193840027,3.39949488639832,3.55667400360107,3.55962610244751,3.62069988250732,3.59666991233826,3.62069988250732
"Tonga","TON","East Asia & Pacific","Lower middle income","EAS",0.00480000022798777,0.00374999991618097,0.0034099998883903,0.00292999995872378,0.00254000001586974,0.00243000010959804,0.00109000003430992,0.000980000011622906,0.000980000011622906,0.000980000011622906,0.001077999942936,0.00480000022798777
"Trinidad and Tobago","TTO","Latin America & Caribbean","High Income","LCN",0.0416020005941391,0.0400520004332066,0.0517860017716885,0.0235619992017746,0.0179200004786253,0.00637000007554889,0.00699600018560886,0.00811299961060286,0.00571900000795722,0.00375199993140996,0.00364500004798174,0.0517860017716885
"Tunisia","TUN","Middle East & North Africa","Lower middle income","MEA",0.800329983234406,0.887852013111115,0.772650003433228,0.591250002384186,0.428025007247925,0.321963012218475,0.257216989994049,0.223660007119179,0.185657992959023,0.142296001315117,0.109989002346992,0.887852013111115
"Turkey","TUR","Europe & Central Asia","Upper middle income","ECS",1.45773005485535,1.03212201595306,1.17116498947144,1.00926005840302,1.11372303962708,1.76435995101929,0.436107993125916,0.56401801109314,0.205855995416641,0.194609999656677,0.25152599811554,1.76435995101929
"Turkmenistan","TKM","Europe & Central Asia","Upper middle income","ECS",0.856944978237152,0.973559975624084,1.61277902126312,1.54281497001648,1.44164001941681,1.09772503376007,0.552024006843567,0.386568009853363,0.245279997587204,0.16388900578022,0.107943996787071,1.61277902126312
"Tuvalu","TUV","East Asia & Pacific","Upper middle income","EAS",0.000958000018727034,0.000655999989248812,0.000711000000592321,0.000330000009853393,0.000234999999520369,0.000348000001395121,0.000213000006624497,0.000265999988187104,0.000213000006624497,0.000213000006624497,0.000180000002728775,0.000958000018727034
"Uganda","UGA","Sub-Saharan Africa","Low income","SSF",14.0360879898071,12.7700443267822,12.5840244293213,14.4167804718018,15.0613040924072,15.4360198974609,13.3063907623291,13.6312799453735,12.6727743148804,12.7723197937012,12.6678476333618,15.4360198974609
"Ukraine","UKR","Europe & Central Asia","Lower middle income","ECS",0.799106001853943,0.688776016235352,2.74192190170288,4.10274219512939,0.804939985275269,0.122486002743244,0.00462599983438849,0,0,0,0,4.10274219512939
"Uruguay","URY","Latin America & Caribbean","High Income","LCN",0.108539000153542,0.0543779991567135,0.00779999978840351,0.0287970006465912,0.011655000038445,0.0369630008935928,0.0110550001263618,0.00775100011378527,0.0108479997143149,0.0136000001803041,0.0115940002724528,0.108539000153542
"Uzbekistan","UZB","Europe & Central Asia","Lower middle income","ECS",9.325897,9.48246765136719,11.2967491149902,16.846830368042,16.5695381164551,15.4874057769775,11.9683198928833,10.027416229248,9.16288185119629,7.99919891357422,7.00660800933838,16.846830368042
"Vanuatu","VUT","East Asia & Pacific","Lower middle income","EAS",0.0219299998134375,0.0233919993042946,0.0248540006577969,0.0264420006424189,0.0279109999537468,0.0309120006859303,0.0357879996299744,0.0368640013039112,0.0360720008611679,0.0368000008165836,0.0357749983668327,0.0368640013039112
"Venezuela, RB","VEN","Latin America & Caribbean","Upper middle income","LCN",0.961224019527435,1.08851194381714,2.60021996498108,2.44043207168579,4.07161998748779,4.55357694625854,2.3086519241333,2.51139998435974,2.5074360370636,2.45665502548218,2.43754005432129,4.55357694625854
"Vietnam","VNM","East Asia & Pacific","Lower middle income","EAS",39.2951049804688,33.9216423034668,29.1176795959473,27.0934200286865,30.8456115722656,19.5841026306152,13.7639036178589,4.15525388717651,2.89937996864319,2.86856293678284,2.85436797142029,39.2951049804688
"West Bank and Gaza","PSE","Middle East & North Africa","Lower middle income","MEA",0.0673199966549873,0.0542399995028973,0.0461019985377789,0.00798000022768974,0.0209439992904663,0.00663999980315566,0.0529199987649918,0.0102869998663664,0.0106109995394945,0.00323999999091029,0.0112589998170733,0.0673199966549873
"Zambia","ZMB","Sub-Saharan Africa","Lower middle income","SSF",4.34675979614258,4.79406595230103,3.96434998512268,4.24875116348267,4.30003976821899,7.62372779846191,9.02361297607422,8.96726417541504,9.05427646636963,9.14465713500977,9.22624969482422,9.22624969482422
"Zimbabwe","ZWE","Sub-Saharan Africa","Low income","SSF",0.4548319876194,0.792703986167908,0.422928005456924,0.424291014671326,0.874341011047363,2.36106204986572,4.28354978561401,3.56235003471375,3.05164003372192,2.66776704788208,2.60302996635437,4.28354978561401
